{"detection_bbox_ymin": [0.4166277050971985, 0.49108660221099854], "detection_class_label": [1, 2], "detection_bbox_xmin": [0.6003056764602661, 0.6252821683883667], "detection_bbox_xmax": [0.7754151821136475, 0.6651678681373596], "detection_bbox_ymax": [0.7176389694213867, 0.5819863677024841], "detection_score": [0.9909192323684692, 0.5791361927986145]}