{"detection_bbox_ymin": [0.4955746531486511, 0.6409085392951965, 0.5458475947380066], "detection_class_label": [1, 3, 2], "detection_bbox_xmin": [0.11078958213329315, 0.1763673573732376, 0.14258958399295807], "detection_bbox_xmax": [0.24327218532562256, 0.1873132288455963, 0.17059233784675598], "detection_bbox_ymax": [0.7304461598396301, 0.6884641647338867, 0.6130677461624146], "detection_score": [0.970831573009491, 0.6193915009498596, 0.5726137161254883]}