{"detection_bbox_ymin": [0.31884512305259705], "detection_class_label": [1], "detection_bbox_xmin": [0.6869461536407471], "detection_bbox_xmax": [0.7603040337562561], "detection_bbox_ymax": [0.45345252752304077], "detection_score": [0.7070574760437012]}