{"detection_bbox_ymin": [0.426685094833374, 0.5006232261657715, 0.6348580718040466], "detection_class_label": [1, 2, 3], "detection_bbox_xmin": [0.7101462483406067, 0.815886914730072, 0.7914291620254517], "detection_bbox_xmax": [0.8780115246772766, 0.8579628467559814, 0.8055849671363831], "detection_bbox_ymax": [0.720881998538971, 0.5785070657730103, 0.6816630959510803], "detection_score": [0.9895046949386597, 0.6568846702575684, 0.6074065566062927]}