{"detection_bbox_ymin": [0.3371826410293579, 0.4260469973087311, 0.41785672307014465, 0.5259448289871216], "detection_class_label": [1, 2, 2, 3], "detection_bbox_xmin": [0.40348580479621887, 0.529273271560669, 0.43628090620040894, 0.49656933546066284], "detection_bbox_xmax": [0.5887150168418884, 0.5684011578559875, 0.47696271538734436, 0.5122787356376648], "detection_bbox_ymax": [0.6370342373847961, 0.4995766282081604, 0.4972583055496216, 0.5837240815162659], "detection_score": [0.9841923713684082, 0.9100106954574585, 0.8723660111427307, 0.8652750253677368]}