{"detection_bbox_ymin": [0.33363252878189087, 0.4312807321548462, 0.4028465747833252, 0.4050528109073639, 0.5371630191802979, 0.5340616106987], "detection_class_label": [1, 2, 2, 2, 3, 3], "detection_bbox_xmin": [0.3992375433444977, 0.5353778004646301, 0.43407052755355835, 0.42484647035598755, 0.4920961856842041, 0.48422354459762573], "detection_bbox_xmax": [0.5953184366226196, 0.5803906917572021, 0.475928395986557, 0.4663277268409729, 0.5168557167053223, 0.5115886926651001], "detection_bbox_ymax": [0.6552798748016357, 0.5198047161102295, 0.49617263674736023, 0.4998369514942169, 0.6089915037155151, 0.6052035689353943], "detection_score": [0.9923529028892517, 0.9766246676445007, 0.9559168219566345, 0.808898389339447, 0.7095078825950623, 0.6653071045875549]}