{"detection_bbox_ymin": [0.24504297971725464, 0.33080512285232544, 0.3264124095439911, 0.4465779662132263, 0.4485394358634949, 0.3359450399875641], "detection_class_label": [1, 2, 2, 3, 3, 2], "detection_bbox_xmin": [0.4081997871398926, 0.5353365540504456, 0.44169729948043823, 0.5139658451080322, 0.5096866488456726, 0.4238207936286926], "detection_bbox_xmax": [0.5931686758995056, 0.5781667232513428, 0.48497533798217773, 0.5309211015701294, 0.5263721942901611, 0.46679648756980896], "detection_bbox_ymax": [0.5602827072143555, 0.4065904915332794, 0.4178142845630646, 0.5032519698143005, 0.502870500087738, 0.4302629828453064], "detection_score": [0.9925803542137146, 0.9697225093841553, 0.9480398297309875, 0.7940094470977783, 0.6566880345344543, 0.6177314519882202]}