{"detection_bbox_ymin": [0.2752419710159302, 0.34028276801109314, 0.3295809030532837, 0.4221033751964569, 0.4242211878299713], "detection_class_label": [1, 2, 2, 3, 3], "detection_bbox_xmin": [0.3562542498111725, 0.43756672739982605, 0.3740265965461731, 0.41345247626304626, 0.41103827953338623], "detection_bbox_xmax": [0.48243436217308044, 0.46877527236938477, 0.4041369557380676, 0.4241979122161865, 0.42038896679878235], "detection_bbox_ymax": [0.4990307688713074, 0.39500680565834045, 0.38824957609176636, 0.4618997275829315, 0.46333086490631104], "detection_score": [0.9844948649406433, 0.9487951397895813, 0.948294460773468, 0.687885582447052, 0.663031280040741]}