{"detection_bbox_ymin": [0.3176578879356384, 0.3744109570980072, 0.4555644392967224, 0.3817426562309265], "detection_class_label": [1, 2, 3, 2], "detection_bbox_xmin": [0.33425673842430115, 0.3533257246017456, 0.39036887884140015, 0.41356945037841797], "detection_bbox_xmax": [0.4609189033508301, 0.3861876130104065, 0.4095090925693512, 0.4449426531791687], "detection_bbox_ymax": [0.5401673316955566, 0.4331150949001312, 0.5127472281455994, 0.4319021701812744], "detection_score": [0.9899627566337585, 0.9634772539138794, 0.9521600604057312, 0.9006429314613342]}