{"detection_bbox_ymin": [0.3058643043041229, 0.4336320161819458, 0.44553425908088684], "detection_class_label": [1, 2, 2], "detection_bbox_xmin": [0.36756831407546997, 0.43514111638069153, 0.6164485216140747], "detection_bbox_xmax": [0.7348035573959351, 0.532684862613678, 0.6858809590339661], "detection_bbox_ymax": [0.8303881883621216, 0.5872774124145508, 0.5882138013839722], "detection_score": [0.7281157374382019, 0.6056036353111267, 0.6022920608520508]}