{"detection_bbox_ymin": [0.42659133672714233, 0.4820648431777954, 0.553888201713562], "detection_class_label": [1, 2, 3], "detection_bbox_xmin": [0.42251500487327576, 0.4914013743400574, 0.47335150837898254], "detection_bbox_xmax": [0.5397101640701294, 0.5228864550590515, 0.4839072823524475], "detection_bbox_ymax": [0.6328170299530029, 0.5344482660293579, 0.5974733233451843], "detection_score": [0.9735262393951416, 0.947598397731781, 0.7269379496574402]}