{"detection_bbox_ymin": [0.31143590807914734, 0.3695709705352783, 0.4571051001548767, 0.38500139117240906, 0.3977701663970947, 0.4562041759490967], "detection_class_label": [1, 2, 3, 2, 2, 3], "detection_bbox_xmin": [0.39664509892463684, 0.48041045665740967, 0.46347734332084656, 0.41479745507240295, 0.42047521471977234, 0.45888036489486694], "detection_bbox_xmax": [0.5238458514213562, 0.5095577836036682, 0.47647207975387573, 0.4406259059906006, 0.4452247619628906, 0.47215762734413147], "detection_bbox_ymax": [0.5393015742301941, 0.42304402589797974, 0.4996773302555084, 0.44159799814224243, 0.44905102252960205, 0.4960613548755646], "detection_score": [0.9878600239753723, 0.9619313478469849, 0.8983899354934692, 0.8874425888061523, 0.6345308423042297, 0.5367699861526489]}