{"detection_bbox_ymin": [0.31568384170532227, 0.3756427764892578, 0.38218405842781067, 0.45132121443748474], "detection_class_label": [1, 2, 2, 3], "detection_bbox_xmin": [0.4604095220565796, 0.47708168625831604, 0.5398685336112976, 0.5154657959938049], "detection_bbox_xmax": [0.5871051549911499, 0.5052756667137146, 0.575400173664093, 0.538417398929596], "detection_bbox_ymax": [0.5434317588806152, 0.42903101444244385, 0.4365294575691223, 0.5103279948234558], "detection_score": [0.9908779263496399, 0.8375033736228943, 0.7258566617965698, 0.7174539566040039]}