{"detection_bbox_ymin": [0.3723680078983307], "detection_class_label": [1], "detection_bbox_xmin": [0.157215878367424], "detection_bbox_xmax": [0.225791797041893], "detection_bbox_ymax": [0.49380677938461304], "detection_score": [0.8317643404006958]}