{"detection_bbox_ymin": [0.1982925534248352, 0.23483476042747498, 0.2852122485637665], "detection_class_label": [1, 2, 3], "detection_bbox_xmin": [0.5605770349502563, 0.6843757629394531, 0.6364971995353699], "detection_bbox_xmax": [0.7640244364738464, 0.7298280596733093, 0.665061891078949], "detection_bbox_ymax": [0.33692246675491333, 0.2667340040206909, 0.31557294726371765], "detection_score": [0.9883469939231873, 0.9184994697570801, 0.6613660454750061]}