{"detection_bbox_ymin": [0.28581002354621887, 0.31076064705848694, 0.31971561908721924], "detection_class_label": [1, 2, 2], "detection_bbox_xmin": [0.4682980477809906, 0.5407772064208984, 0.4701245129108429], "detection_bbox_xmax": [0.6049405932426453, 0.5889345407485962, 0.5008093118667603], "detection_bbox_ymax": [0.3952140808105469, 0.34383425116539, 0.35459500551223755], "detection_score": [0.9789076447486877, 0.9604820013046265, 0.612271249294281]}