{"detection_bbox_ymin": [0.19406794011592865, 0.23308411240577698, 0.23641124367713928], "detection_class_label": [1, 2, 2], "detection_bbox_xmin": [0.5378432273864746, 0.5640174746513367, 0.6317253112792969], "detection_bbox_xmax": [0.6873037815093994, 0.600045919418335, 0.6679999232292175], "detection_bbox_ymax": [0.3455086946487427, 0.2668708264827728, 0.2777378261089325], "detection_score": [0.9882394075393677, 0.9146665334701538, 0.896012008190155]}