{"detection_bbox_ymin": [0.16471731662750244, 0.19768768548965454, 0.20556522905826569], "detection_class_label": [1, 2, 2], "detection_bbox_xmin": [0.4926159381866455, 0.5935574173927307, 0.5157432556152344], "detection_bbox_xmax": [0.6725978255271912, 0.6432729959487915, 0.557262659072876], "detection_bbox_ymax": [0.2992912232875824, 0.23076331615447998, 0.2359876036643982], "detection_score": [0.9910510778427124, 0.9824188351631165, 0.9777345061302185]}