{"detection_bbox_ymin": [0.19497109949588776, 0.2575696110725403, 0.2524662911891937, 0.3505987226963043], "detection_class_label": [1, 2, 2, 3], "detection_bbox_xmin": [0.2999420464038849, 0.33630529046058655, 0.5058731436729431, 0.4621996581554413], "detection_bbox_xmax": [0.6335260272026062, 0.4155096113681793, 0.58475661277771, 0.48955094814300537], "detection_bbox_ymax": [0.42773425579071045, 0.3218102753162384, 0.3123699128627777, 0.38980725407600403], "detection_score": [0.9967830181121826, 0.9922705888748169, 0.9871625304222107, 0.755561888217926]}