{"detection_bbox_ymin": [0.6799054145812988], "detection_class_label": [1], "detection_bbox_xmin": [0.8207776546478271], "detection_bbox_xmax": [0.9607893228530884], "detection_bbox_ymax": [0.9834651947021484], "detection_score": [0.9982274174690247]}