{"detection_bbox_ymin": [0.15097324550151825], "detection_class_label": [1], "detection_bbox_xmin": [0.02185318060219288], "detection_bbox_xmax": [0.33384037017822266], "detection_bbox_ymax": [1.0], "detection_score": [0.9998868703842163]}