{"detection_bbox_ymin": [0.0], "detection_class_label": [1], "detection_bbox_xmin": [0.27610674500465393], "detection_bbox_xmax": [0.7200565338134766], "detection_bbox_ymax": [1.0], "detection_score": [0.5710054039955139]}