{"detection_bbox_ymin": [0.0, 0.0, 0.0], "detection_class_label": [1, 1, 1], "detection_bbox_xmin": [0.13196967542171478, 0.17053768038749695, 0.4854376018047333], "detection_bbox_xmax": [0.9733457565307617, 0.6400503516197205, 0.9591410756111145], "detection_bbox_ymax": [1.0, 1.0, 1.0], "detection_score": [0.9990824460983276, 0.9750493764877319, 0.8864908814430237]}