{"detection_bbox_ymin": [0.0, 0.0, 0.0], "detection_class_label": [1, 1, 1], "detection_bbox_xmin": [0.1319696307182312, 0.17053766548633575, 0.48543766140937805], "detection_bbox_xmax": [0.9733458757400513, 0.6400503516197205, 0.9591410756111145], "detection_bbox_ymax": [1.0, 1.0, 1.0], "detection_score": [0.9990824460983276, 0.9750492572784424, 0.8864911794662476]}