{"detection_bbox_ymin": [0.052235763520002365], "detection_class_label": [1], "detection_bbox_xmin": [0.37460678815841675], "detection_bbox_xmax": [0.6751424074172974], "detection_bbox_ymax": [1.0], "detection_score": [0.999936580657959]}