{"detection_bbox_ymin": [0.031232357025146484, 0.02029275894165039, 0.08043287694454193], "detection_class_label": [1, 1, 1], "detection_bbox_xmin": [0.057558901607990265, 0.25248056650161743, 0.0400376096367836], "detection_bbox_xmax": [0.656861424446106, 0.612417995929718, 0.38541293144226074], "detection_bbox_ymax": [0.9163235425949097, 0.9481701850891113, 0.7146923542022705], "detection_score": [0.9985986351966858, 0.9692013263702393, 0.8951167464256287]}