{"detection_bbox_ymin": [0.679905354976654], "detection_class_label": [1], "detection_bbox_xmin": [0.8207776546478271], "detection_bbox_xmax": [0.9607893228530884], "detection_bbox_ymax": [0.983465313911438], "detection_score": [0.9982274174690247]}