{"detection_bbox_ymin": [0.0], "detection_class_label": [1], "detection_bbox_xmin": [0.4395271837711334], "detection_bbox_xmax": [0.8358895778656006], "detection_bbox_ymax": [0.9876407980918884], "detection_score": [0.9329289793968201]}