{"detection_bbox_ymin": [0.06623085588216782], "detection_class_label": [1], "detection_bbox_xmin": [0.35986754298210144], "detection_bbox_xmax": [0.7026284337043762], "detection_bbox_ymax": [1.0], "detection_score": [0.9999532699584961]}