{"detection_bbox_ymin": [0.0, 0.0], "detection_class_label": [1, 1], "detection_bbox_xmin": [0.009168196469545364, 0.36362722516059875], "detection_bbox_xmax": [0.5205694437026978, 0.9845380187034607], "detection_bbox_ymax": [1.0, 1.0], "detection_score": [0.868039071559906, 0.800560474395752]}