{"detection_bbox_ymin": [0.031232278794050217, 0.02029275894165039, 0.08043289184570312], "detection_class_label": [1, 1, 1], "detection_bbox_xmin": [0.057558923959732056, 0.25248056650161743, 0.04003767669200897], "detection_bbox_xmax": [0.6568614840507507, 0.612417995929718, 0.38541293144226074], "detection_bbox_ymax": [0.9163234233856201, 0.9481703042984009, 0.7146922945976257], "detection_score": [0.9985986351966858, 0.9692012071609497, 0.8951168060302734]}