{"detection_bbox_ymin": [0.056579314172267914], "detection_class_label": [1], "detection_bbox_xmin": [0.28377458453178406], "detection_bbox_xmax": [0.623889148235321], "detection_bbox_ymax": [0.9893053770065308], "detection_score": [0.9998255372047424]}