{"detection_bbox_ymin": [0.0], "detection_class_label": [1], "detection_bbox_xmin": [0.2724817991256714], "detection_bbox_xmax": [0.7115412354469299], "detection_bbox_ymax": [1.0], "detection_score": [0.9999473094940186]}