{"detection_bbox_ymin": [0.008851885795593262], "detection_class_label": [1], "detection_bbox_xmin": [0.22670131921768188], "detection_bbox_xmax": [0.7149162888526917], "detection_bbox_ymax": [0.8868505358695984], "detection_score": [0.9998735189437866]}