{"detection_bbox_ymin": [0.0], "detection_class_label": [1], "detection_bbox_xmin": [0.272481769323349], "detection_bbox_xmax": [0.7115411758422852], "detection_bbox_ymax": [1.0], "detection_score": [0.9999473094940186]}