{"detection_bbox_ymin": [0.0, 0.05746563524007797], "detection_class_label": [1, 1], "detection_bbox_xmin": [0.0, 0.6614444851875305], "detection_bbox_xmax": [0.36700305342674255, 0.9948204159736633], "detection_bbox_ymax": [1.0, 0.9930106997489929], "detection_score": [0.9999117851257324, 0.9991965889930725]}