{"detection_bbox_ymin": [0.008851846680045128], "detection_class_label": [1], "detection_bbox_xmin": [0.22670136392116547], "detection_bbox_xmax": [0.7149162292480469], "detection_bbox_ymax": [0.8868504762649536], "detection_score": [0.9998735189437866]}