{"detection_bbox_ymin": [0.09422492980957031, 0.10073117911815643, 0.05561816692352295], "detection_class_label": [1, 1, 1], "detection_bbox_xmin": [0.12375533580780029, 0.5590329766273499, 0.058929331600666046], "detection_bbox_xmax": [0.39927706122398376, 0.9086330533027649, 0.49791550636291504], "detection_bbox_ymax": [0.9686238765716553, 1.0, 1.0], "detection_score": [0.9999614953994751, 0.9998766183853149, 0.8046048283576965]}