{"detection_bbox_ymin": [0.0, 0.0], "detection_class_label": [1, 1], "detection_bbox_xmin": [0.009168218821287155, 0.36362728476524353], "detection_bbox_xmax": [0.5205694437026978, 0.9845380187034607], "detection_bbox_ymax": [1.0, 1.0], "detection_score": [0.8680392503738403, 0.8005604147911072]}