{"detection_bbox_ymin": [0.18048936128616333], "detection_class_label": [1], "detection_bbox_xmin": [0.38603949546813965], "detection_bbox_xmax": [0.7949660420417786], "detection_bbox_ymax": [0.7883065342903137], "detection_score": [0.999916672706604]}