{"detection_bbox_ymin": [0.0], "detection_class_label": [1], "detection_bbox_xmin": [0.07372306287288666], "detection_bbox_xmax": [0.9705819487571716], "detection_bbox_ymax": [0.914916455745697], "detection_score": [0.9999948740005493]}