{"detection_bbox_ymin": [0.020250430330634117, 0.21967953443527222, 0.13471993803977966, 0.773229718208313, 0.8389378786087036, 0.060042090713977814], "detection_class_label": [1, 1, 1, 1, 1, 1], "detection_bbox_xmin": [0.6443371176719666, 0.12162467837333679, 0.3648078739643097, 0.11651555448770523, 0.35263320803642273, 0.372955322265625], "detection_bbox_xmax": [0.7593987584114075, 0.2412860095500946, 0.5030063986778259, 0.23377397656440735, 0.4853339195251465, 0.5026745200157166], "detection_bbox_ymax": [0.27595147490501404, 0.4020392596721649, 0.2688126266002655, 1.0, 1.0, 0.2917357087135315], "detection_score": [0.964841365814209, 0.9447922110557556, 0.9354584813117981, 0.6816179156303406, 0.662921667098999, 0.5766789317131042]}