{"detection_bbox_ymin": [0.07171560078859329], "detection_class_label": [1], "detection_bbox_xmin": [0.21395064890384674], "detection_bbox_xmax": [0.9700915813446045], "detection_bbox_ymax": [0.8001722693443298], "detection_score": [0.9970467686653137]}