{"detection_bbox_ymin": [0.016685212031006813, 0.10914816707372665], "detection_class_label": [1, 1], "detection_bbox_xmin": [0.013866386376321316, 0.020841330289840698], "detection_bbox_xmax": [0.982010006904602, 0.6000389456748962], "detection_bbox_ymax": [0.9424865245819092, 0.9282891154289246], "detection_score": [0.9985717535018921, 0.8433746099472046]}