{"detection_bbox_ymin": [0.25909629464149475, 0.4136689603328705, 0.10286876559257507, 0.5568650960922241, 0.06504852324724197, 0.3132607638835907, 0.3796249032020569, 0.2886377274990082], "detection_class_label": [1, 1, 1, 1, 1, 1, 1, 1], "detection_bbox_xmin": [0.0, 0.5071926116943359, 0.7001814842224121, 0.3440193831920624, 0.7081868052482605, 0.03053312376141548, 0.42722249031066895, 0.000857794308103621], "detection_bbox_xmax": [0.32470250129699707, 0.5619336366653442, 0.9357579350471497, 0.40758606791496277, 0.948326051235199, 0.30814236402511597, 0.5113341808319092, 0.19651827216148376], "detection_bbox_ymax": [0.904586136341095, 0.6943526864051819, 0.5952692627906799, 0.7578580975532532, 0.8525521755218506, 0.7585433721542358, 0.530319094657898, 0.9236617684364319], "detection_score": [0.9995057582855225, 0.9983882904052734, 0.9963197708129883, 0.9932727813720703, 0.9767559766769409, 0.9588578343391418, 0.6218402981758118, 0.5412302017211914]}