{"detection_bbox_ymin": [0.016685273498296738, 0.10914835333824158], "detection_class_label": [1, 1], "detection_bbox_xmin": [0.013866310007870197, 0.020841311663389206], "detection_bbox_xmax": [0.982010006904602, 0.6000389456748962], "detection_bbox_ymax": [0.9424865245819092, 0.9282892346382141], "detection_score": [0.9985717535018921, 0.8433741927146912]}