{"detection_bbox_ymin": [0.2590962052345276, 0.4136689603328705, 0.10286876559257507, 0.5568650960922241, 0.06504856050014496, 0.3132608234882355, 0.3796249032020569, 0.2886377274990082], "detection_class_label": [1, 1, 1, 1, 1, 1, 1, 1], "detection_bbox_xmin": [0.0, 0.5071926116943359, 0.7001814246177673, 0.3440193831920624, 0.7081868052482605, 0.030533110722899437, 0.42722249031066895, 0.0008578062406741083], "detection_bbox_xmax": [0.32470256090164185, 0.5619336366653442, 0.9357579350471497, 0.40758606791496277, 0.948326051235199, 0.3081423342227936, 0.5113341808319092, 0.19651828706264496], "detection_bbox_ymax": [0.9045862555503845, 0.6943526864051819, 0.5952692627906799, 0.7578580975532532, 0.8525521755218506, 0.7585433721542358, 0.530319094657898, 0.9236617684364319], "detection_score": [0.9995057582855225, 0.9983882904052734, 0.9963197708129883, 0.9932727813720703, 0.9767559766769409, 0.9588579535484314, 0.6218403577804565, 0.541231095790863]}