{"detection_bbox_ymin": [0.0, 0.031649600714445114], "detection_class_label": [1, 1], "detection_bbox_xmin": [0.059222374111413956, 0.03007768653333187], "detection_bbox_xmax": [0.8767802119255066, 0.6009855270385742], "detection_bbox_ymax": [0.9823748469352722, 0.9407722353935242], "detection_score": [0.9999626874923706, 0.9133853912353516]}