{"detection_bbox_ymin": [0.0, 0.031649671494960785], "detection_class_label": [1, 1], "detection_bbox_xmin": [0.05922233313322067, 0.030077628791332245], "detection_bbox_xmax": [0.8767802715301514, 0.600985586643219], "detection_bbox_ymax": [0.9823748469352722, 0.9407721161842346], "detection_score": [0.9999626874923706, 0.9133856892585754]}