{"detection_bbox_ymin": [0.06903458386659622, 0.05567224323749542], "detection_class_label": [1, 1], "detection_bbox_xmin": [0.03325977176427841, 0.0077131460420787334], "detection_bbox_xmax": [0.9599897265434265, 0.49851712584495544], "detection_bbox_ymax": [0.9263038039207458, 0.7752488255500793], "detection_score": [0.9995255470275879, 0.7169350385665894]}