{"detection_bbox_ymin": [0.06903467327356339, 0.05567212402820587], "detection_class_label": [1, 1], "detection_bbox_xmin": [0.03325977176427841, 0.007713165134191513], "detection_bbox_xmax": [0.9599897265434265, 0.4985171854496002], "detection_bbox_ymax": [0.9263036847114563, 0.7752488851547241], "detection_score": [0.9995255470275879, 0.7169341444969177]}