{"detection_bbox_ymin": [0.020250430330634117, 0.21967953443527222, 0.13471992313861847, 0.7732296586036682, 0.8389378786087036, 0.060042064636945724], "detection_class_label": [1, 1, 1, 1, 1, 1], "detection_bbox_xmin": [0.6443371176719666, 0.12162468582391739, 0.3648078739643097, 0.11651556938886642, 0.35263320803642273, 0.372955322265625], "detection_bbox_xmax": [0.7593987584114075, 0.2412860095500946, 0.5030063986778259, 0.23377394676208496, 0.4853338599205017, 0.5026745200157166], "detection_bbox_ymax": [0.27595147490501404, 0.4020392596721649, 0.2688125967979431, 1.0, 1.0, 0.2917357385158539], "detection_score": [0.964841365814209, 0.9447920918464661, 0.9354586005210876, 0.6816180348396301, 0.6629226207733154, 0.5766783356666565]}